"","MSETrain","MSEValid"
"1",0.0475376145022917,0.0498079023053569
"2",0.0434838134934932,0.0453990074896043
"3",0.03909183242946,0.0406170291285361
"4",0.0343419444048454,0.0359957941116825
"5",0.0299280354450877,0.0322452514402328
"6",0.0264807157476798,0.0295898806664252
"7",0.0241058286119268,0.0278219253786149
"8",0.0225628602851942,0.0266444083183042
"9",0.0215682837900276,0.0258301704160629
"10",0.020913744435727,0.0252361066879765
"11",0.0204685742911287,0.0247784583799301
"12",0.020154688460817,0.0244090064879387
"13",0.0199255063695815,0.0240994176556987
"14",0.0197525923857246,0.0238325026727492
"15",0.0196180317173718,0.0235973465827204
"16",0.0195103326551461,0.0233868629701676
"17",0.0194217666012239,0.0231961988633679
"18",0.0193472331836716,0.0230220117876607
"19",0.0192831425660196,0.0228618144989014
"20",0.0192270556699882,0.0227137780958606
"21",0.0191771643502372,0.0225764228451637
"22",0.0191322159998625,0.0224485658830212
"23",0.0190912675262324,0.022329213542323
"24",0.0190535914385368,0.0222174998252623
"25",0.0190186560071292,0.0221126787124142
"26",0.0189860128331284,0.0220141026281541
"27",0.0189553087528139,0.0219211439932546
"28",0.0189262699650991,0.0218333136650824
"29",0.0188986649956353,0.0217501194246354
"30",0.0188722967605485,0.0216711167366274
"31",0.0188469919847549,0.0215959272077007
"32",0.0188225879748552,0.021524203208185
"33",0.0187990093363472,0.0214556078757009
"34",0.0187760708897521,0.021389861260691
"35",0.018753738244595,0.0213266957190729
"36",0.0187318804525304,0.021265878985005
"37",0.0187104446051356,0.0212071864835678
"38",0.0186893632441718,0.0211504136362383
"39",0.0186685252619517,0.0210953989336568
"40",0.0186479333038965,0.0210419331827471
"41",0.0186275000711089,0.0209899148633403
"42",0.0186071805914298,0.0209391778515231
"43",0.0185869232791472,0.0208895852488856
"44",0.0185667016800498,0.0208410447643649
"45",0.0185464734673996,0.0207934348813949
"46",0.0185261989598797,0.0207466463888845
"47",0.0185058159900935,0.0207005977630615
"48",0.0184853391078573,0.0206552013274162
"49",0.0184647193728803,0.0206103724818076
"50",0.0184438999086081,0.0205660620043355
"51",0.0184228860058831,0.0205221637602775
"52",0.0184016406288094,0.0204786331422867
"53",0.0183801465821498,0.0204353855502221
"54",0.0183583668300084,0.0203924086786086
"55",0.0183362603683578,0.0203496025454613
"56",0.018313851005988,0.0203069394634616
"57",0.0182910950934507,0.0202643640579716
"58",0.0182679450131653,0.0202218271070911
"59",0.0182444378010278,0.0201792901562106
"60",0.0182205033533781,0.020136716288905
"61",0.0181961324112425,0.0200940516687209
"62",0.018171306456673,0.0200512593792331
"63",0.0181460254896696,0.0200083163476759
"64",0.0181202524743365,0.019965156432121
"65",0.0180939755062786,0.0199217704034621
"66",0.0180671707767058,0.0198781244216427
"67",0.0180398237358019,0.0198341692647626
"68",0.0180119171883296,0.0197898695545812
"69",0.017983444520736,0.0197452099092545
"70",0.0179543806015205,0.0197001349541449
"71",0.0179247029446034,0.0196546462274367
"72",0.0178944036137214,0.0196086760490171
"73",0.0178634746726111,0.0195622290334394
"74",0.0178318658582711,0.0195152559588032
"75",0.0177996036249126,0.019467733752343
"76",0.0177666496139294,0.0194196254976334
"77",0.0177330025026107,0.019370912736462
"78",0.0176986186415081,0.0193215570142192
"79",0.0176635231621222,0.0192715444872456
"80",0.0176276724150045,0.0192208413154848
"81",0.0175910558184704,0.0191694167352492
"82",0.0175536786633622,0.0191172522883261
"83",0.017515510527337,0.01906432490195
"84",0.0174765289243151,0.0190106022742487
"85",0.0174367431132704,0.0189560536415346
"86",0.017396120026439,0.018900663621964
"87",0.017354655695689,0.0188444014518492
"88",0.0173123421847572,0.018787262516637
"89",0.0172691464258794,0.0187292129762711
"90",0.0172250803234508,0.0186702282198014
"91",0.0171801280049444,0.0186102774835402
"92",0.017134260370728,0.0185493715347782
"93",0.0170874827116438,0.0184874580752465
"94",0.0170397619599278,0.0184245401813138
"95",0.016991112665396,0.0183605993947675
"96",0.0169415467324435,0.018295612642842
"97",0.0168909874438578,0.0182295614673245
"98",0.0168394810945085,0.0181624397154777
"99",0.0167869906484998,0.0180942381581953
"100",0.0167335306556479,0.0180249383372645
"101",0.0166790654027677,0.0179545417908699
"102",0.0166236438301499,0.0178830131407707
"103",0.016567201124977,0.0178103585397044
"104",0.0165097756458552,0.0177365949076991
"105",0.0164513316795995,0.0176616807137766
"106",0.016391886421447,0.0175856374925183
"107",0.016331442516819,0.0175084683202928
"108",0.0162699933521625,0.017430143971597
"109",0.0162075481864517,0.0173506998246716
"110",0.0161441268603448,0.0172701235740416
"111",0.0160797095331835,0.0171884290633663
"112",0.0160143134002051,0.0171056239835678
"113",0.0159479516885152,0.0170216944909865
"114",0.0158806217526927,0.0169366713493101
"115",0.0158123368198432,0.0168505930131482
"116",0.0157431418621259,0.0167634502533943
"117",0.0156730289432774,0.0166752553755237
"118",0.0156020311310619,0.0165860499105146
"119",0.0155301510709003,0.0164958507783951
"120",0.0154574231532675,0.0164046764373779
"121",0.0153838764777957,0.0163125761093632
"122",0.0153095335305646,0.0162195559470884
"123",0.0152344247339172,0.0161256713251914
"124",0.0151585712512224,0.0160309560837284
"125",0.0150820352498767,0.0159354502154935
"126",0.0150048405386704,0.0158391829459898
"127",0.0149270135718146,0.0157422219553301
"128",0.0148486165167059,0.0156446010835709
"129",0.0147696705367132,0.0155463849344561
"130",0.0146902311856803,0.0154476196535172
"131",0.0146103725353987,0.0153483683063138
"132",0.0145301117811058,0.0152486939584055
"133",0.0144494886041184,0.0151486427553238
"134",0.0143686088212816,0.015048288529919
"135",0.0142874843369906,0.0149477266496228
"136",0.0142061693823784,0.0148469740344632
"137",0.0141247552244739,0.0147461368191627
"138",0.0140432762537518,0.014645282683834
"139",0.013961781410503,0.0145444977668024
"140",0.0138803460892295,0.0144438435954432
"141",0.0137990364254596,0.0143433955407912
"142",0.0137179079730369,0.0142432428175403
"143",0.0136370096722522,0.0141434546439878
"144",0.013556410304055,0.0140441110057216
"145",0.0134761548406043,0.0139452841974074
"146",0.0133963186764023,0.013847069586477
"147",0.0133169414927659,0.0137495133184618
"148",0.0132380907479338,0.0136527107607934
"149",0.0131597995096701,0.0135567372845065
"150",0.0130821431724771,0.0134616359587639
"151",0.0130051561268292,0.0133674975364439
"152",0.0129288806994646,0.0132743896976594
"153",0.0128533618625424,0.0131823493588355
"154",0.0127786419428007,0.013091451891007
"155",0.0127047473944507,0.013001751130627
"156",0.0126317284804938,0.0129132870704897
"157",0.0125595878463512,0.0128261027797576
"158",0.0124883823685772,0.0127402405585012
"159",0.0124181041109082,0.0126557511668051
"160",0.012348805981767,0.0125726446028679
"161",0.0122804721086267,0.012490947784916
"162",0.0122131382046725,0.0124107160875874
"163",0.0121468095607467,0.0123319256690241
"164",0.0120814755951647,0.0122546157529277
"165",0.0120171680529802,0.0121787924920359
"166",0.0119538909023248,0.0121044597318096
"167",0.0118916163662766,0.0120316136267877
"168",0.011830349735678,0.0119602580224314
"169",0.0117701055603451,0.0118903698459748
"170",0.0117108666450405,0.0118219606338009
"171",0.0116526012447109,0.0117550011604063
"172",0.0115953146501983,0.0116894929639755
"173",0.0115390015706606,0.0116253975898989
"174",0.0114836527471238,0.0115627027327015
"175",0.0114292351118239,0.0115013799359722
"176",0.0113757341149445,0.011441413048775
"177",0.0113231404975119,0.0113827597710394
"178",0.0112714436778414,0.0113253962609076
"179",0.0112206119108795,0.0112692871401387
"180",0.011170628001389,0.0112144124123358
"181",0.0111214734314219,0.0111607351610737
"182",0.0110731376192937,0.0111082215462962
"183",0.0110255941107931,0.0110568308061169
"184",0.0109788230652617,0.011006526793203
"185",0.0109327940603566,0.0109572887420654
"186",0.010887515032341,0.0109090705071726
"187",0.0108429496066746,0.0108618543994042
"188",0.0107990792654093,0.010815578891385
"189",0.0107558848292421,0.0107702393685618
"190",0.010713357039199,0.0107257873781266
"191",0.0106714687797134,0.0106822006164059
"192",0.0106302187280748,0.0106394352451448
"193",0.0105895724938084,0.0105974751134073
"194",0.0105495327223356,0.0105562925338745
"195",0.0105100689913132,0.0105158559737667
"196",0.0104711773326096,0.0104761323621196
"197",0.0104328438577639,0.0104371078552738
"198",0.0103950434352753,0.010398748613173
"199",0.0103577701129464,0.010361042330342
"200",0.0103210271975534,0.010323969779476
"201",0.0102847915416617,0.0102874955823345
"202",0.0102490366910598,0.0102516112789031
"203",0.0102137778569194,0.0102163022564303
"204",0.0101790011507794,0.0101815462112427
"205",0.0101446953296,0.0101473285305885
"206",0.0101108365845912,0.0101136461380989
"207",0.0100774414496349,0.0100804728846396
"208",0.0100444986816914,0.0100478003101964
"209",0.0100119838106153,0.0100156222620318
"210",0.00997990543402514,0.00998392951103949
"211",0.00994825429294708,0.0099527035990069
"212",0.0099170224511177,0.00992194914048718
"213",0.00988621321531341,0.00989165613728185
"214",0.00985580740623104,0.00986181074573148
"215",0.00982582354181848,0.00983241527311264
"216",0.00979623781328558,0.00980346279759561
"217",0.00976704162301369,0.00977494255188973
"218",0.0097382422459109,0.00974686607237785
"219",0.00970984166604305,0.00971921413175521
"220",0.00968182533359395,0.00969198673002182
"221",0.00965418795772134,0.00966519078900737
"222",0.00962693350655692,0.0096388170796056
"223",0.00960006396416652,0.00961286175635553
"224",0.00957355750582585,0.00958732405016499
"225",0.00954742471321942,0.0095621939628355
"226",0.00952166426363666,0.00953748456893429
"227",0.00949627218894588,0.00951319433027698
"228",0.00947123923017314,0.0094893055577432
"229",0.00944655348292336,0.00946583440226893
"230",0.00942223544921028,0.00944276932747133
"231",0.00939827057921771,0.00942010802607383
"232",0.00937465424345866,0.0093978512671686
"233",0.00935138181244616,0.00937600289621661
"234",0.00932845989973304,0.00935454906955842
"235",0.00930587197143724,0.00933350670722223
"236",0.00928361538213764,0.00931285042916575
"237",0.00926170468165045,0.00929259177177183
"238",0.0092401160611855,0.00927272150593419
"239",0.00921884753667697,0.00925324116983721
"240",0.00919790572167766,0.0092341499943887
"241",0.00917728466399004,0.00921543721229799
"242",0.00915698304090354,0.00919710666902604
"243",0.00913698101175972,0.00917915528820407
"244",0.00911728717417724,0.00916157307163361
"245",0.00909790152815609,0.00914436078840686
"246",0.00907881084659063,0.00912750767123315
"247",0.00906001579083616,0.00911102064194218
"248",0.00904151305411626,0.00909488893324329
"249",0.00902328610254888,0.00907910716149115
"250",0.009005339565621,0.00906367378850137
"251",0.00898768336366185,0.00904857650879891
"252",0.00897029501059184,0.00903381301510719
"253",0.00895316392472647,0.00901939022925592
"254",0.00893630862401362,0.00900528584757159
"255",0.00891970265424202,0.00899150525369952
"256",0.00890335395167506,0.00897803768034904
"257",0.00888726383902329,0.00896487851296702
"258",0.00887140916885185,0.00895201929153935
"259",0.00885578729573963,0.00893945617060508
"260",0.00884041276950281,0.00892719222653297
"261",0.00882526111999596,0.00891520131018854
"262",0.00881034359025889,0.0089034995725078
"263",0.00879564033963313,0.00889206394072502
"264",0.00878115798167151,0.00888089826030116
"265",0.00876688262791309,0.00886999176394555
"266",0.00875282023055544,0.00885934598984257
"267",0.00873896153062458,0.00884894017250307
"268",0.00872529528508074,0.00883877969557239
"269",0.00871183472102955,0.00882885148448329
"270",0.00869855735239143,0.00881915784651233
"271",0.00868546185645581,0.00880967955435476
"272",0.00867254426509101,0.00880042045347152
"273",0.00865982574166604,0.00879137823658605
"274",0.00864724742556081,0.00878253598367014
"275",0.00863485627300035,0.00877389369472381
"276",0.00862262384570753,0.00876544906247047
"277",0.00861055675723516,0.0087571874741585
"278",0.0085986424418329,0.00874910892978791
"279",0.0085868789154349,0.00874120727662117
"280",0.00857527345294926,0.0087334725164598
"281",0.00856380158423055,0.00872590926385695
"282",0.00855247719773969,0.00871850290606099
"283",0.00854128574366047,0.00871124959761097
"284",0.0085302384650327,0.00870414164758498
"285",0.00851930427815812,0.00869717905598302
"286",0.00850850170098462,0.0086903618228051
"287",0.00849783007215693,0.00868367533529958
"288",0.00848727153508243,0.00867711344072896
"289",0.00847683138060338,0.00867068075364636
"290",0.00846650034974584,0.00866436650676112
"291",0.00845628704012846,0.00865816762370448
"292",0.0084461749178692,0.00865208102810767
"293",0.00843616795109975,0.00864609749086442
"294",0.00842626415575427,0.00864021855015908
"295",0.00841645956370106,0.00863444189871511
"296",0.00840675417494013,0.00862875600014964
"297",0.00839713939185281,0.00862316931447675
"298",0.00838761852121552,0.00861765876893074
"299",0.00837818296540957,0.00861223205443351
"300",0.00836882280410576,0.00860688763280069
"301",0.0083595664755812,0.00860162627312445
"302",0.00835038289613763,0.00859643413174537
"303",0.00834126545222225,0.00859131043957126
"304",0.00833223200042767,0.00858625288932554
"305",0.00832328717024085,0.00858125917373165
"306",0.00831440186202939,0.00857632621642082
"307",0.00830558599612253,0.00857145247920867
"308",0.00829683626574385,0.00856663719300301
"309",0.00828816722070956,0.00856186959051317
"310",0.00827955108409781,0.00855715966993763
"311",0.00827099711488256,0.00855249358761695
"312",0.00826250399035323,0.00854787211264333
"313",0.00825407898541793,0.00854329139955582
"314",0.00824570225941821,0.00853875452472318
"315",0.00823738240997272,0.00853426071905321
"316",0.00822912803470014,0.00852979921525525
"317",0.00822091598616559,0.00852537308969805
"318",0.00821275618469831,0.00852097926601287
"319",0.00820465127571942,0.00851661774419969
"320",0.00819659530703139,0.0085122900624429
"321",0.00818858629456836,0.00850799083709717
"322",0.00818062027019866,0.00850372160634687
"323",0.00817271046102791,0.00849947006471695
"324",0.00816483173555541,0.00849524697949809
"325",0.00815699864359735,0.00849104773613714
"326",0.00814921779870656,0.00848686695098877
"327",0.00814146803751402,0.00848270693132954
"328",0.00813376258712536,0.00847856921534385
"329",0.0081260935112772,0.00847444149755663
"330",0.00811847073029877,0.00847033608344293
"331",0.00811087572624217,0.00846624912754182
"332",0.00810331775808136,0.00846217447711575
"333",0.00809579351903992,0.00845811828490227
"334",0.00808830829996011,0.00845407209088725
"335",0.00808085680999967,0.00845004281690044
"336",0.00807343971051389,0.00844601815746676
"337",0.00806605832421333,0.00844200734169252
"338",0.00805870008534763,0.00843801344594648
"339",0.00805137822102244,0.00843401878110824
"340",0.00804408611768492,0.00843004488175915
"341",0.00803682509804566,0.00842607252059444
"342",0.00802959846888104,0.00842210631216726
"343",0.00802238176004566,0.00841815625467608
"344",0.00801521266879057,0.00841421004264585
"345",0.00800805878870696,0.00841027690518287
"346",0.00800093797638744,0.00840634146044331
"347",0.00799384494098975,0.00840242216663976
"348",0.00798677505302694,0.00839850210374401
"349",0.00797973426469652,0.00839459434632332
"350",0.00797271860786681,0.00839069427982453
"351",0.00796573469609064,0.00838679575151013
"352",0.00795876599548594,0.00838290799048639
"353",0.00795182639451364,0.00837902407492361
"354",0.00794490266606811,0.00837514323572959
"355",0.00793801134403139,0.00837127393291843
"356",0.00793114250807425,0.00836740693738384
"357",0.00792430211039423,0.00836355147823211
"358",0.00791747824659625,0.00835969524998819
"359",0.0079106828210754,0.00835584978903493
"360",0.0079038999613049,0.00835200048262073
"361",0.00789715083065377,0.00834816732714253
"362",0.00789040831355546,0.00834433494075652
"363",0.00788369754151068,0.00834051101438461
"364",0.00787701256232189,0.00833669093347365
"365",0.00787034543972571,0.00833288315803774
"366",0.00786370278727496,0.00832907230623307
"367",0.00785708063683794,0.0083252776053644
"368",0.00785047898841466,0.00832148598086449
"369",0.00784389255116287,0.00831769974000992
"370",0.0078373451338727,0.00831392349735383
"371",0.00783080366878007,0.00831015571471183
"372",0.00782427939892476,0.00830639023934641
"373",0.0078177829059913,0.00830263553127166
"374",0.00781130162422931,0.008298889283211
"375",0.0078048467966786,0.00829515226425663
"376",0.00779840387352297,0.00829141678348664
"377",0.00779198674322332,0.00828769668456047
"378",0.00778558813087156,0.00828398120018744
"379",0.00777921663408637,0.00828027725219727
"380",0.00777286365524906,0.00827658022603681
"381",0.0077665232421621,0.00827289165989045
"382",0.00776020399244417,0.00826922155195667
"383",0.00775390921287166,0.00826556144222136
"384",0.00774763625802346,0.00826190210157825
"385",0.00774138049841258,0.00825825583550238
"386",0.00773514259539431,0.00825461726034841
"387",0.00772891791948168,0.00825099637431483
"388",0.0077227130842275,0.00824738394829535
"389",0.00771653139640819,0.00824377767501339
"390",0.0077103741787343,0.0082401906290362
"391",0.00770423018816605,0.00823661281216529
"392",0.00769810934503267,0.00823304499349286
"393",0.00769200305171549,0.00822949255666425
"394",0.00768591659905676,0.00822595088712631
"395",0.00767985130976705,0.00822242075397122
"396",0.00767380586113579,0.00821890369538338
"397",0.00766778620536053,0.00821539894227059
"398",0.00766176919500639,0.00821191187827818
"399",0.00765578459106107,0.00820843404339206
"400",0.00764980395524743,0.00820496697579661
"401",0.00764384778957922,0.00820152528824345
"402",0.00763791014185891,0.00819808590796686
"403",0.00763199431886289,0.00819466267862628
"404",0.00762609701381477,0.00819125636931389
"405",0.00762021491993813,0.00818786313456874
"406",0.00761435002129881,0.00818448374348302
"407",0.00760850364060739,0.00818112434879426
"408",0.00760267180973217,0.0081777734141196
"409",0.00759687503068688,0.00817443555401218
"410",0.00759107957435216,0.00817111922848609
"411",0.00758530329732062,0.00816781520843506
"412",0.00757954619959224,0.00816452580113565
"413",0.00757380299032478,0.00816125485204881
"414",0.00756808557391332,0.00815799774662141
"415",0.00756238998222616,0.00815475371576125
"416",0.00755670827899991,0.00815152429765271
"417",0.00755103715745817,0.00814831795230989
"418",0.00754538389250905,0.00814512237425773
"419",0.00753974848415253,0.00814194063986501
"420",0.00753414217542841,0.00813877736368487
"421",0.00752854049619127,0.00813563562208606
"422",0.00752295667354674,0.0081324984950404
"423",0.00751738806207369,0.00812938444076046
"424",0.0075118353231274,0.0081262796155868
"425",0.00750630044077372,0.00812319863227106
"426",0.0075007853990785,0.00812012457078503
"427",0.00749528160042306,0.00811707896571006
"428",0.00748979764242609,0.00811404105155699
"429",0.00748433352508757,0.00811101928833992
"430",0.00747887602130186,0.00810801598333543
"431",0.00747343968088518,0.00810502882926695
"432",0.00746801921299526,0.00810205013521256
"433",0.00746261395627682,0.00809909451392389
"434",0.00745721928124289,0.00809615119811027
"435",0.00745184246280157,0.00809322480232485
"436",0.00744647688740004,0.00809031225019886
"437",0.00744112652317,0.00808741507991668
"438",0.00743580261315122,0.00808453252238612
"439",0.00743048267126414,0.00808166919216033
"440",0.00742517397241685,0.00807881432194864
"441",0.00741988643693858,0.00807597867904171
"442",0.00741460683772369,0.00807315841797859
"443",0.00740934575645669,0.0080703527696671
"444",0.00740409790229533,0.0080675563504619
"445",0.00739885666168678,0.00806478069674584
"446",0.0073936352617367,0.00806202196305798
"447",0.00738842179804999,0.00805926861301545
"448",0.00738323015908758,0.00805653756664645
"449",0.007378045133678,0.00805381574938374
"450",0.00737288259434799,0.00805110623759608
"451",0.00736772203908383,0.008048415184021
"452",0.00736257206550418,0.00804574028138192
"453",0.00735743928716186,0.00804307460784912
"454",0.00735231246101707,0.00804042508525233
"455",0.00734721473450469,0.00803778017720868
"456",0.00734211634663702,0.00803515603465419
"457",0.00733702324961161,0.00803254573575912
"458",0.00733195065459993,0.00802994466597034
"459",0.00732688136636467,0.0080273566707488
"460",0.00732183324149842,0.00802478175009451
"461",0.00731679437560612,0.00802221990400745
"462",0.00731176675275361,0.00801967036339545
"463",0.00730674442074335,0.00801713312825849
"464",0.00730173002499648,0.00801461050587316
"465",0.00729672885635524,0.00801209249804097
"466",0.00729174752837246,0.00800959679388231
"467",0.00728676289361327,0.00800710647336898
"468",0.00728179809951253,0.00800462615105414
"469",0.00727684983929384,0.00800215813421434
"470",0.00727189562687761,0.00799970242284959
"471",0.00726696456189625,0.00799725286422237
"472",0.00726202159251982,0.00799482330199211
"473",0.00725710507735465,0.00799239604703842
"474",0.00725219715980815,0.00798998571211292
"475",0.00724729651716976,0.00798758152992495
"476",0.00724239918130777,0.00798518888411983
"477",0.00723751771797254,0.00798280392923663
"478",0.00723264286819014,0.007980437432566
"479",0.00722777860009224,0.00797807478135632
"480",0.00722292226825772,0.00797571751379198
"481",0.00721807122726546,0.00797337332079487
"482",0.00721323209066827,0.00797103912599625
"483",0.00720839163136052,0.00796871339121173
"484",0.00720356638322425,0.00796639765462568
"485",0.00719875171677249,0.00796409037805373
"486",0.00719394498658412,0.00796179386877244
"487",0.00718914156317215,0.00795950735768964
"488",0.00718435070551054,0.00795722623025217
"489",0.00717956910682287,0.00795495587010537
"490",0.00717478684677992,0.00795268858632734
"491",0.0071700178138426,0.00795043591530092
"492",0.00716525605581339,0.00794818632064327
"493",0.00716049892727115,0.00794595133873724
"494",0.00715574973499229,0.00794372020229217
"495",0.00715100715626625,0.00794149521858461
"496",0.00714626986838247,0.00793928100216773
"497",0.00714154250082791,0.00793707293848838
"498",0.00713681381056279,0.00793487102754654
"499",0.00713209834740331,0.00793267680752662
"500",0.0071273835455991,0.00793048797115203
"501",0.00712267998683469,0.00792831374752906
"502",0.00711799296195233,0.0079261387548139
"503",0.00711329535538545,0.00792397606757379
"504",0.00710861362134534,0.00792181876397902
"505",0.00710394246898974,0.00791967068949053
"506",0.00709926470308132,0.00791752261500205
"507",0.00709459884156797,0.00791538530780423
"508",0.00708993628683103,0.00791325184606737
"509",0.00708528497513389,0.00791112761343679
"510",0.00708064159970012,0.00790900876445155
"511",0.00707600351510861,0.0079068991445726
"512",0.00707136146238541,0.00790479183197021
"513",0.00706673263676785,0.00790269297938193
"514",0.00706210777928198,0.00790059335770146
"515",0.00705748424450667,0.00789850988695698
"516",0.00705287261412643,0.00789642564712032
"517",0.00704826958136486,0.00789435140548214
"518",0.00704366522589272,0.00789228100930491
"519",0.00703906946803925,0.00789021830404958
"520",0.00703448164644916,0.00788815482970207
"521",0.00702990109976717,0.00788610289173742
"522",0.0070253198917299,0.00788405479923371
"523",0.0070207433131796,0.00788201132128316
"524",0.00701617136411627,0.00787997322697793
"525",0.00701160801267161,0.007877944361779
"526",0.00700704003173997,0.00787591472748787
"527",0.00700249189146679,0.00787389124593427
"528",0.00699794705797002,0.00787187930076353
"529",0.00699340949938135,0.00786986889377717
"530",0.00698886863401627,0.00786786002497519
"531",0.00698433570491457,0.00786585807800293
"532",0.00697980674394457,0.00786385690012286
"533",0.00697528571923794,0.00786186341316469
"534",0.00697076733995244,0.00785987300257529
"535",0.00696625888099617,0.0078578895138156
"536",0.00696174579255293,0.00785591217779344
"537",0.00695724262443892,0.00785394099450881
"538",0.00695274408581187,0.00785197211850074
"539",0.00694825877429047,0.00785000478067706
"540",0.00694376552650568,0.00784804590286747
"541",0.00693927294007617,0.00784608702505788
"542",0.00693480217837097,0.00784413506907801
"543",0.00693033273937633,0.00784218618946691
"544",0.00692586594580281,0.00784024423168552
"545",0.00692140708849268,0.00783830765754946
"546",0.00691694558576142,0.00783636954522902
"547",0.00691249532606995,0.00783443912383049
"548",0.00690804638908905,0.0078325133169851
"549",0.00690360142023983,0.00783058904832409
"550",0.00689916637171985,0.00782867247058499
"551",0.00689473330726571,0.00782675820012246
"552",0.0068903061950091,0.00782484777512089
"553",0.00688588768037116,0.00782294119558027
"554",0.0068814698270885,0.00782103384694745
"555",0.00687706255549035,0.00781913726560531
"556",0.00687265329982636,0.00781723991517098
"557",0.00686825660991272,0.00781535179384293
"558",0.00686385991999908,0.0078134621343305
"559",0.00685946256873016,0.00781157785846341
"560",0.006855081089988,0.00780969358259632
"561",0.00685069762718,0.00780781622855894
"562",0.00684632276199066,0.00780594118179813
"563",0.00684195517170942,0.00780407459505143
"564",0.00683758956549402,0.00780220493193596
"565",0.00683323123418673,0.00780034065246582
"566",0.00682887224152416,0.00779848406391759
"567",0.00682452647596722,0.00779662901355374
"568",0.00682018137176556,0.00779477857774304
"569",0.00681584155840616,0.00779292198919481
"570",0.00681150901995486,0.00779107462975287
"571",0.00680717582014827,0.00778922727031092
"572",0.00680285254067092,0.0077873868326987
"573",0.00679852926119356,0.00778554639508647
"574",0.00679421788611128,0.00778370672656644
"575",0.00678991246322653,0.00778187628715269
"576",0.00678560439492066,0.00778004354046237
"577",0.0067813102150757,0.00777821925378615
"578",0.00677702000336244,0.00777639650529431
"579",0.00677273838926784,0.00777457606407904
"580",0.00676845016162042,0.00777275639195596
"581",0.0067641764837892,0.00777093979620164
"582",0.00675990016053685,0.00776912781500047
"583",0.00675563706439014,0.00776731429561492
"584",0.00675137925908569,0.00776550539078251
"585",0.0067471227764918,0.00776369879322667
"586",0.0067428775369377,0.00776189681022398
"587",0.00673863428144944,0.00776009713449786
"588",0.00673440293035626,0.00775829592058735
"589",0.00673016562706555,0.00775650239759876
"590",0.00672593559868293,0.0077547057982414
"591",0.00672172210418236,0.00775291535162157
"592",0.00671750265748425,0.00775112490500173
"593",0.0067132918084048,0.00774933522747409
"594",0.00670909087965459,0.00774755170268397
"595",0.00670489193497022,0.00774576740880166
"596",0.00670069431299641,0.0077439877294725
"597",0.00669651322490465,0.00774220805014333
"598",0.00669233213681288,0.00774042990899855
"599",0.00668815766227394,0.0077386571514991
"600",0.00668398384909028,0.00773688208672308
"601",0.00667981929488056,0.00773511317468459
"602",0.00667566399964479,0.00773334580083047
"603",0.006671513333896,0.00773157381242321
"604",0.00666736399085776,0.00772980797675348
"605",0.00666322126137235,0.00772804137199156
"606",0.0066590798545975,0.00772628168905935
"607",0.00665494902950715,0.00772451969885057
"608",0.00665082614068019,0.0077227569395496
"609",0.00664670259049795,0.00772099879480177
"610",0.00664259557419776,0.00771924757188366
"611",0.00663849318738453,0.00771748788895146
"612",0.00663438617108434,0.00771573358966458
"613",0.00663029436595562,0.00771397929037771
"614",0.00662619991540578,0.00771223037473617
"615",0.0066221140624746,0.00771047530635711
"616",0.00661804342071491,0.00770873023617652
"617",0.00661396418133655,0.00770698208962717
"618",0.00660990544397193,0.00770523548126221
"619",0.00660584538389674,0.00770349118017381
"620",0.0066017873078874,0.00770174457180885
"621",0.00659774312033898,0.00770000334708921
"622",0.00659369959414584,0.00769826212236958
"623",0.00658966202015024,0.00769651859037338
"624",0.00658563172106273,0.0076947812111147
"625",0.00658160406739636,0.0076930453700404
"626",0.00657758964083562,0.00769130260713639
"627",0.00657358050511713,0.00768956676606209
"628",0.00656957004668809,0.00768782477225027
"629",0.00656556884723298,0.00768609200754473
"630",0.00656157624539654,0.00768435539737824
"631",0.0065575876116918,0.00768262493994928
"632",0.00655360493018458,0.00768089063705937
"633",0.00654962952358547,0.00767915633416945
"634",0.00654565742376277,0.00767742664583268
"635",0.0065417025191774,0.00767569465021933
"636",0.00653773438748639,0.00767396265460599
"637",0.00653378411238799,0.00767223373536141
"638",0.00652983582135543,0.00767050097065587
"639",0.00652589414387569,0.00766876897504253
"640",0.00652195907994877,0.00766703851761357
"641",0.00651802864550883,0.00766531113655336
"642",0.00651411011546396,0.00766358529367755
"643",0.00651019290812965,0.00766185406715639
"644",0.00650628099163759,0.007660125917004
"645",0.00650237635005364,0.00765840161231256
"646",0.00649847633795665,0.00765666654033046
"647",0.00649459219838644,0.00765493915927026
"648",0.00649070276797396,0.00765321870003977
"649",0.00648683053279882,0.00765149516444052
"650",0.00648295234542614,0.00764976547610375
"651",0.00647908804651438,0.00764804040232012
"652",0.00647522374760261,0.00764631379035211
"653",0.0064713687076648,0.00764458564019972
"654",0.00646752160399036,0.00764286364278486
"655",0.00646367714573705,0.00764113703081685
"656",0.00645984789865523,0.0076394134952176
"657",0.00645601468344171,0.00763768919052616
"658",0.00645219337262327,0.00763596642401911
"659",0.00644837338451539,0.00763423673568233
"660",0.00644456662351315,0.00763251012371432
"661",0.00644075721708978,0.00763078735720727
"662",0.0064369590537062,0.00762905997614707
"663",0.00643317213336241,0.00762734028600877
"664",0.00642937992217637,0.00762561521222515
"665",0.00642559895403011,0.0076238832166118
"666",0.00642182327672612,0.00762216045010474
"667",0.00641805487433022,0.00762043537632112
"668",0.00641429771497412,0.00761871107162968
"669",0.00641053791019688,0.00761698138329291
"670",0.00640679265523585,0.00761525707860147
"671",0.00640305136840651,0.00761353354300222
"672",0.00639931603377471,0.0076118077001264
"673",0.00639558598998516,0.00761008339543496
"674",0.00639186123703786,0.00760835216891381
"675",0.00638814772713036,0.00760662478785361
"676",0.0063844362012887,0.00760490202134655
"677",0.0063807332730657,0.00760317540937854
"678",0.00637703629704024,0.00760144879741053
"679",0.00637334725727817,0.00759972372362691
"680",0.00636966020158194,0.00759799249710575
"681",0.00636598240485965,0.00759626511604555
"682",0.00636230857626906,0.0075945415804463
"683",0.00635864731342882,0.00759280958483296
"684",0.0063549853892333,0.00759108912560248
"685",0.006351333385367,0.00758935712998913
"686",0.00634769196318522,0.00758763128711331
"687",0.006344051863714,0.0075859046751453
"688",0.00634041374830862,0.00758417267953196
"689",0.00633678886000889,0.00758244760574833
"690",0.00633316793984084,0.00758071714831937
"691",0.00632955297187033,0.00757899438181231
"692",0.00632594197203151,0.00757726084801459
"693",0.00632234419929832,0.00757553039058562
"694",0.00631874576520986,0.00757380070224885
"695",0.0063151579128059,0.00757207101391208
"696",0.00631157270582308,0.00757034055648311
"697",0.00630799808052476,0.0075686147136073
"698",0.00630443139148982,0.00756687810344081
"699",0.00630086867058657,0.00756515533693375
"700",0.00629730528832805,0.00756341872676726
"701",0.00629375513317516,0.00756169365298363
"702",0.00629020630073283,0.00755995858100153
"703",0.00628667267946198,0.00755822427811161
"704",0.00628314104225698,0.00755649382068265
"705",0.00627962197080234,0.0075547618250693
"706",0.00627609826986072,0.00755303059854815
"707",0.00627259176415643,0.00755129860293481
"708",0.00626908459709686,0.0075495635309527
"709",0.00626558536630067,0.00754783153533936
"710",0.00626209737854427,0.00754610415427916
"711",0.00625861468163013,0.00754436985138924
"712",0.00625512603251845,0.0075426378557759
"713",0.00625166053084163,0.00754090739834693
"714",0.00624819965865179,0.00753917386454921
"715",0.00624473415697497,0.00753744109984367
"716",0.0062412924640883,0.00753570141330842
"717",0.00623783952816184,0.00753397249406384
"718",0.00623439915798573,0.00753224203663488
"719",0.00623096738542829,0.00753050850283715
"720",0.00622754685591064,0.00752877650722381
"721",0.0062241223582613,0.00752703989705732
"722",0.00622070579687534,0.00752530482507521
"723",0.00621730576937142,0.00752357282946187
"724",0.00621390640322279,0.00752184083384852
"725",0.00621051431198226,0.00752010653095861
"726",0.00620712420480757,0.00751837530443745
"727",0.00620374137254099,0.00751664330882411
"728",0.00620036449247194,0.007514908236842
"729",0.00619699621002155,0.00751317393395209
"730",0.00619363057299229,0.0075114373237856
"731",0.00619027816306867,0.00750970609726444
"732",0.00618692972127674,0.00750797256346672
"733",0.00618359318387988,0.00750623979876118
"734",0.00618025466241718,0.0075045024195025
"735",0.00617692738399426,0.00750276965479697
"736",0.0061736053964136,0.00750103765918363
"737",0.00617029531322802,0.00749930720175466
"738",0.00616698919817413,0.00749757289886475
"739",0.0061636771309227,0.00749583859597483
"740",0.00616038225890859,0.00749410890763806
"741",0.00615709664586844,0.00749237383565595
"742",0.00615381103282828,0.0074906426091348
"743",0.00615053600147263,0.00748890984442926
"744",0.00614727022909093,0.00748717246517058
"745",0.00614400710213036,0.007485443545926
"746",0.00614074794330147,0.00748371308849704
"747",0.00613750465699935,0.00748198724562122
"748",0.00613426467747364,0.00748025371182349
"749",0.00613102734336906,0.00747852325439453
"750",0.00612779331604089,0.00747679202787338
"751",0.00612457846801589,0.00747506695408975
"752",0.00612136097456976,0.00747333265119983
"753",0.00611815472416342,0.00747160757741621
"754",0.00611494913511237,0.00746987558180286
"755",0.00611175082096941,0.00746814896983485
"756",0.0061085617658004,0.00746642312695903
"757",0.00610537998553949,0.00746469343862226
"758",0.00610219820527858,0.00746296682665425
"759",0.00609902700670218,0.00746124021468624
"760",0.00609586837387614,0.00745951283362604
"761",0.00609271040240538,0.00745778391438146
"762",0.00608955639906631,0.00745605730241345
"763",0.00608641363876703,0.00745432992135325
"764",0.00608328146015225,0.00745260792393838
"765",0.00608015324966917,0.00745088054287818
"766",0.00607702966867307,0.00744915854546332
"767",0.00607391336258506,0.00744743654804845
"768",0.0060707990405629,0.00744571070517263
"769",0.00606769463886996,0.00744398947684996
"770",0.00606459685072985,0.00744226978671166
"771",0.00606150898291896,0.00744054625111241
"772",0.00605841714697638,0.00743882271551317
"773",0.00605534515169226,0.00743710148719049
"774",0.00605227249505285,0.00743538871888191
"775",0.00604920975874267,0.00743366825965143
"776",0.00604615628140644,0.0074319516458819
"777",0.00604310280407021,0.00743023580120456
"778",0.00604005395622095,0.00742851688015846
"779",0.00603701965818789,0.00742680411184988
"780",0.00603399395777349,0.00742509365081787
"781",0.00603096362787212,0.00742337396067958
"782",0.00602794652507639,0.00742166734510852
"783",0.00602493471312291,0.00741995611498433
"784",0.00602192951472225,0.00741824334667575
"785",0.0060189388661378,0.00741653365473593
"786",0.00601594160400052,0.00741482703916488
"787",0.00601295095541606,0.00741311811631726
"788",0.00600997551800309,0.00741141073165401
"789",0.00600700735549821,0.00740970027062201
"790",0.00600403588621692,0.00740799673141972
"791",0.00600107962810712,0.00740628627038771
"792",0.0059981313062607,0.00740458503846199
"793",0.00599518298441428,0.00740288457562847
"794",0.00599224458289709,0.00740118411279494
"795",0.00598931411764327,0.00739948288086922
"796",0.00598639423407397,0.00739778241803569
"797",0.00598346707559657,0.00739608349338655
"798",0.00598055446693537,0.00739438379964521
"799",0.00597765243995868,0.00739268948954921
"800",0.0059747497516267,0.00739099287217663
"801",0.00597186161311093,0.0073893008693572
"802",0.0059689681837529,0.00738760886653777
"803",0.00596609657911917,0.00738591378734958
"804",0.00596322232906431,0.00738422716817548
"805",0.00596035535391756,0.00738253285807948
"806",0.00595749168554721,0.007380844700721
"807",0.00595463661479553,0.00737915654336253
"808",0.00595179080301779,0.00737747069328062
"809",0.0059489469753059,0.00737578715047529
"810",0.00594612034283134,0.00737410283857776
"811",0.00594328974222509,0.00737241929577243
"812",0.00594046707788221,0.00737074113661243
"813",0.00593765036573688,0.00736906143926805
"814",0.00593484820340774,0.00736738251101586
"815",0.00593204207294692,0.00736570281367148
"816",0.00592924784688116,0.00736403003815682
"817",0.0059264575889471,0.00736236033901092
"818",0.00592367460592114,0.00736068294894311
"819",0.00592089955915856,0.00735901248070501
"820",0.00591813046459351,0.00735734278155911
"821",0.00591536732222601,0.00735567308241321
"822",0.00591261079341132,0.00735400338326731
"823",0.00590985955543888,0.00735234445141208
"824",0.00590711096288758,0.00735067167589741
"825",0.00590437692015247,0.00734900736039685
"826",0.0059016415547068,0.00734734842854161
"827",0.00589891214145867,0.00734568872759419
"828",0.00589619793938202,0.00734402441209362
"829",0.0058934824145948,0.00734236701842277
"830",0.00589077945555794,0.00734071193202849
"831",0.00588807120567883,0.00733905684563421
"832",0.00588538081239232,0.00733740406651651
"833",0.00588268975775053,0.00733574898012223
"834",0.00588000597801685,0.00733410004646547
"835",0.0058773354253888,0.00733245649645405
"836",0.00587466355005018,0.00733080833188949
"837",0.00587200225639608,0.00732916093641712
"838",0.00586934625358423,0.00732751661731351
"839",0.00586669620296991,0.00732587614367085
"840",0.00586405739539539,0.00732423028638286
"841",0.00586141594239974,0.00732259365820116
"842",0.00585878837786501,0.00732095856820383
"843",0.00585616874959366,0.00731932578548308
"844",0.00585354713725647,0.0073176960791311
"845",0.00585094139744604,0.00731605945094939
"846",0.00584833102814864,0.00731443282096617
"847",0.00584573124053574,0.00731280234552199
"848",0.00584313872783095,0.00731117879190753
"849",0.00584055481274482,0.00730954600918678
"850",0.00583797486579038,0.00730792553194108
"851",0.00583539359612538,0.00730630736197195
"852",0.0058328295216977,0.00730468611563406
"853",0.00583026214049362,0.00730306794566493
"854",0.00582770798639517,0.00730145439024894
"855",0.00582515581636257,0.00729984314210953
"856",0.00582261555072504,0.00729822881760136
"857",0.00582007594644279,0.00729661987673852
"858",0.00581754626248977,0.00729500862859911
"859",0.0058150185626026,0.00729340199501284
"860",0.00581249483084712,0.00729179689961095
"861",0.00580998498755255,0.00729018795874811
"862",0.00580747382154743,0.00728858901608375
"863",0.00580497654400322,0.00728699161160377
"864",0.0058024832345907,0.00728539420712379
"865",0.00579999257059931,0.00728379834082819
"866",0.0057975098428713,0.0072822093963623
"867",0.00579503108327498,0.00728061506825109
"868",0.00579256092129732,0.00727902766196958
"869",0.00579009869558305,0.00727743717931932
"870",0.00578763382444765,0.00727585438759096
"871",0.00578518151906261,0.00727426928858603
"872",0.00578273714994095,0.00727268495867329
"873",0.00578029145810872,0.00727110601240589
"874",0.00577785304118459,0.00726952860432286
"875",0.00577542388323441,0.00726795042714765
"876",0.0057729960479948,0.00726637686452558
"877",0.00577058011715025,0.00726480868554884
"878",0.00576816418630571,0.00726323358474239
"879",0.00576575685307983,0.00726166617485785
"880",0.00576335150391979,0.00726010030315768
"881",0.00576096004322068,0.00725853904601066
"882",0.00575856395303459,0.00725697548158707
"883",0.00575618373537527,0.0072554103789791
"884",0.00575380021093953,0.00725385219820084
"885",0.00575142330005662,0.00725229555560696
"886",0.00574905961627934,0.0072507381439209
"887",0.00574669593250206,0.00724918534678798
"888",0.00574433952363288,0.00724763408783943
"889",0.00574199435780349,0.00724608821253623
"890",0.0057396458851977,0.00724454002995645
"891",0.00573730799427641,0.00724299261646886
"892",0.00573497341013153,0.00724145520117975
"893",0.00573264477818419,0.00723991470952188
"894",0.00573031879165798,0.00723837652514058
"895",0.0057279987573293,0.00723683987894366
"896",0.00572569128875098,0.00723530554002331
"897",0.00572338051339624,0.00723377504656392
"898",0.00572107965837074,0.00723224532219671
"899",0.00571878806231918,0.00723071713601389
"900",0.00571649646626762,0.00722919356438421
"901",0.00571421677461114,0.00722766999275454
"902",0.00571193245346768,0.00722615334295457
"903",0.00570965937536401,0.00722463438587804
"904",0.00570739489487901,0.00722311927426246
"905",0.00570513239845985,0.00722160031718592
"906",0.00570287849965935,0.00722009058921568
"907",0.00570062460085886,0.00721857932306105
"908",0.00569837797696647,0.00721707267145957
"909",0.0056961339984952,0.00721557063441123
"910",0.00569390390848485,0.00721406705917851
"911",0.00569167117305338,0.0072125619457614
"912",0.00568944769659585,0.00721106221598964
"913",0.00568722686555944,0.0072095678698632
"914",0.00568501066401002,0.00720807044736801
"915",0.00568280768956622,0.00720657687033376
"916",0.0056806020697013,0.00720508867694486
"917",0.00567840174067864,0.00720360048355595
"918",0.00567620273436653,0.00720211152107485
"919",0.00567402158464704,0.00720062948042347
"920",0.00567183249866417,0.00719914205612675
"921",0.00566965796249749,0.00719766463002851
"922",0.00566748210362026,0.00719618643483808
"923",0.0056653141810064,0.0071947120851086
"924",0.00566315088787952,0.00719323927356351
"925",0.00566099222423961,0.00719176646201841
"926",0.00565884215821836,0.00719029903411865
"927",0.00565668944677599,0.00718882852985013
"928",0.00565454930108397,0.00718736725468789
"929",0.00565240915539195,0.0071859029031569
"930",0.00565027694596332,0.00718444085890247
"931",0.00564814738195581,0.00718298881284652
"932",0.00564602707692224,0.00718153369042181
"933",0.0056439061105334,0.0071800785679971
"934",0.00564179241905265,0.00717862498375677
"935",0.00563968335705888,0.00717717601406959
"936",0.00563757297235455,0.00717572935165897
"937",0.00563547978288754,0.00717428422743274
"938",0.00563338130257827,0.00717283833411432
"939",0.00563128943582183,0.00717139551716466
"940",0.00562920748939461,0.00716995731476814
"941",0.00562712488161211,0.00716852603420135
"942",0.00562504822602715,0.00716708629362045
"943",0.00562297421586332,0.00716565270577708
"944",0.00562091277144984,0.00716422603976342
"945",0.00561884537483882,0.00716279937374976
"946",0.00561679517346513,0.00716137193864392
"947",0.00561474364938088,0.00715994681081464
"948",0.00561269278665191,0.0071585270666307
"949",0.0056106505215416,0.00715710962972333
"950",0.0056086115632077,0.00715569296190816
"951",0.00560658054113719,0.00715428398501488
"952",0.00560454951906667,0.00715286731719971
"953",0.00560252974003595,0.00715145910939863
"954",0.00560050863829466,0.00715006013070383
"955",0.00559849547281675,0.00714864730834961
"956",0.005596480323273,0.00714724448419386
"957",0.00559448038490073,0.00714584396731469
"958",0.00559247581704149,0.00714444345043552
"959",0.00559048447628788,0.0071430460099251
"960",0.00558848718333674,0.00714165318396784
"961",0.00558650245613595,0.00714025266708866
"962",0.00558451376080348,0.00713887368479083
"963",0.00558253300173438,0.00713748393520232
"964",0.00558056084028395,0.00713609418561382
"965",0.00557858867883352,0.00713470981967065
"966",0.00557661850144893,0.00713333391374157
"967",0.00557466419659111,0.0071319580078125
"968",0.00557269798733821,0.00713057748733028
"969",0.00557074566654623,0.00712920465776997
"970",0.00556879797524123,0.00712783259730185
"971",0.00556685226800207,0.00712646053683373
"972",0.0055649178038027,0.0071250892454578
"973",0.00556297341927411,0.00712372641409597
"974",0.0055610402777853,0.00712236127545757
"975",0.00555911639527044,0.00712100228955669
"976",0.00555718788326861,0.00711963638182609
"977",0.00555526201668791,0.00711828277957055
"978",0.00555334805450228,0.00711692994640719
"979",0.00555144070586947,0.00711557172959851
"980",0.0055495280663944,0.0071142235109883
"981",0.00554762104843923,0.0071128745232859
"982",0.00554572229742508,0.00711152630467569
"983",0.00554382189302273,0.00711017962424986
"984",0.00554193107827196,0.0071088352511006
"985",0.00554003993284355,0.00710749626159668
"986",0.00553815242486919,0.007106154195724
"987",0.00553626888502653,0.00710481751349664
"988",0.00553439096670376,0.00710348160036149
"989",0.00553251701651268,0.00710214645631852
"990",0.00553064505038744,0.00710081746501307
"991",0.00552878201255851,0.00709949231916858
"992",0.00552692062811779,0.0070981579442178
"993",0.00552506122774291,0.00709683279837331
"994",0.005523206456855,0.00709551457435854
"995",0.00552135532342115,0.00709419173579062
"996",0.00551950617405313,0.00709287120449928
"997",0.00551766562230379,0.00709155759503765
"998",0.00551582440919916,0.00709024706194478
"999",0.00551398947896971,0.00708892729974562
"1000",0.00551215421806261,0.0070876213812059
